{"adminRoles":["Owner"],"users":[{"name":"Bamanda","id":"551439544935776263","value":77,"color":5577355},{"name":"Smolder","id":"522860716622086153","value":194},{"name":"Amazing spiderman Billy","id":"459589642044440588","value":178},{"name":"Bamanda","id":"403040821974138880","value":184},{"name":"SadBin0","id":"273996182819176449","value":151},{"name":"Queen","id":"400758698731110402","value":36},{"name":"Nadeko","id":"116275390695079945","value":173},{"name":"ViperVk","id":"170407379756777472","value":19},{"name":"Auttaja","id":"242730576195354624","value":146},{"name":"Gala","id":"561997539402842132","value":88},{"name":"Galaktikos","id":"347800225638776832","value":2.434259894809957e+71,"color":16777215},{"name":"[SA]Agent ZQ","id":"371720948358971392","value":25},{"name":"💖Modesto Cunanan💖","id":"455225538777317376","value":159},{"name":"Donate Bot","id":"404365332912930827","value":68},{"name":"MarriageBot","id":"468281173072805889","value":92},{"name":"Dark Link","id":"202187448036491265","value":211},{"name":"CJR0506","id":"197521797921374208","value":130},{"name":"FredBoat♪♪","id":"184405311681986560","value":104},{"name":"Dank Memer","id":"270904126974590976","value":37},{"name":"TM_Tactics","id":"408371026565660674","value":68,"color":16716252},{"name":"ag","id":"321261523408257024","value":67},{"name":"Thepotato","id":"417040982786310145","value":180},{"name":"Thatprincess1128","id":"572886761420619783","value":18},{"name":"Christina_cool girl","id":"511626843485372454","value":161},{"name":"GhostDragon33","id":"349304237991133185","value":161},{"name":"01Fury360","id":"391724155294449664","value":168},{"name":"SillyPlaysRobloxYT","id":"466264813442695179","value":173},{"name":"Tatsumaki","id":"172002275412279296","value":80},{"name":"Hallogene\\(^w^)/","id":"396576051800702977","value":147},{"name":"Dyno","id":"155149108183695360","value":21},{"name":"†Noodles Hunter🎸🔥†","id":"512471820562071562","value":2},{"name":"nattiekitty","id":"479342844553723904","value":82},{"name":"Noe Nei","id":"472704206537621515","value":10},{"name":"frosty","id":"553754850970697767","value":89},{"name":"cocopuppy","id":"524133324965281792","value":211},{"name":"Sigma","id":"216437513709944832","value":186},{"name":"Xxlazyxxmiaxx","id":"434515166600888320","value":106},{"name":"Discord Server List","id":"422087909634736160","value":98},{"name":"CallMe_Mustard","id":"268457101070696448","value":127},{"name":"Flamingo","id":"486018127151366155","value":6},{"name":"pizzadaddy","id":"435163118558117889","value":216},{"name":"Simon","id":"380462372281909248","value":1000,"color":140357},{"name":"WingedPotato","id":"419195652703256576","value":167},{"name":"Mimi","id":"246418746694959105","value":54},{"name":"weaboosgay","id":"555972509061611522","value":1000,"color":0},{"name":"Kyleighray8899","id":"516068263738998795","value":106},{"name":"󠀀󠀀  󠀀󠀀  󠀀󠀀 󠀀󠀀","id":"176098618267140096","value":179},{"name":"H20 ItsYoshiSaikono","id":"299023704598511617","value":55},{"name":"Serpentine","id":"552610740016644126","value":124},{"name":"lil Im not the dude in the pic","id":"195261771840356353","value":104},{"name":"Uiohe","id":"381841884735078401","value":69},{"name":"l i a n a","id":"249564969249538058","value":15},{"name":"NekoBot","id":"310039170792030211","value":127},{"name":"Wolves","id":"197519861981773824","value":130},{"name":"UnbelievaBoat","id":"292953664492929025","value":39},{"name":"MichaelkyngYT","id":"503600805488754688","value":88},{"name":"Nerdling","id":"334528768355991565","value":139},{"name":"Mats1221","id":"325906796453822465","value":27}]}